{
  "cache_metadata": {
    "checkpoint": {
      "exists": true,
      "mtime": 1776879300.0,
      "path": "prediction_sequence/pytorch_model.bin",
      "sha256": "6b942a0e2d6af0528a7307ff5754438ad55fdb97390297e9c0f11ffc9803dbff",
      "size_bytes": 1076663612
    },
    "created_at_utc": "2026-05-05T09:40:15Z",
    "embedding_batch_size": 4,
    "max_per_subtype": -1,
    "max_seq_length": 4000,
    "sampling_strategy": "all",
    "seed": 42
  },
  "clade_enrichment": [
    {
      "classes": 17,
      "delta_vs_random": 0.6739964931827016,
      "enrichment_vs_random": 3.798077574003784,
      "k": 5,
      "label": "clade",
      "largest_class_fraction": 0.45060294280340746,
      "mean_precision": 0.9148749089366567,
      "mean_valid_neighbors": 4.967106537195341,
      "median_precision": 1.0,
      "n_labeled": 36156,
      "permutation_mean": 0.24064422589242077,
      "permutation_p05": 0.23864078162318683,
      "permutation_p95": 0.24265750500272038,
      "permutation_replicates": 100,
      "permutation_sd": 0.0012889725826970815,
      "random_baseline": 0.2408784157539551,
      "random_baseline_sd": 0.0009987384201104396,
      "subtype": "H1N1"
    },
    {
      "classes": 17,
      "delta_vs_random": 0.6529737210184439,
      "enrichment_vs_random": 3.717521143821838,
      "k": 10,
      "label": "clade",
      "largest_class_fraction": 0.45060294280340746,
      "mean_precision": 0.893256569416128,
      "mean_valid_neighbors": 9.925517203230445,
      "median_precision": 1.0,
      "n_labeled": 36156,
      "permutation_mean": 0.24054734268785882,
      "permutation_p05": 0.2389599637242145,
      "permutation_p95": 0.24211028554394798,
      "permutation_replicates": 100,
      "permutation_sd": 0.0009791774443521915,
      "random_baseline": 0.24028284839768413,
      "random_baseline_sd": 0.0005164730584935527,
      "subtype": "H1N1"
    },
    {
      "classes": 17,
      "delta_vs_random": 0.6242416521183279,
      "enrichment_vs_random": 3.5964607396289883,
      "k": 20,
      "label": "clade",
      "largest_class_fraction": 0.45060294280340746,
      "mean_precision": 0.8646618682189291,
      "mean_valid_neighbors": 19.840026551609693,
      "median_precision": 1.0,
      "n_labeled": 36156,
      "permutation_mean": 0.24055186515829516,
      "permutation_p05": 0.23923635647192779,
      "permutation_p95": 0.24166657977196243,
      "permutation_replicates": 100,
      "permutation_sd": 0.0007772999181256246,
      "random_baseline": 0.24042021610060113,
      "random_baseline_sd": 0.00018974090340323916,
      "subtype": "H1N1"
    },
    {
      "classes": 39,
      "delta_vs_random": 0.7919776775130749,
      "enrichment_vs_random": 12.48842471231177,
      "k": 5,
      "label": "clade",
      "largest_class_fraction": 0.12314754752756848,
      "mean_precision": 0.8609146899708697,
      "mean_valid_neighbors": 4.970761548064919,
      "median_precision": 1.0,
      "n_labeled": 40082,
      "permutation_mean": 0.06899047440699126,
      "permutation_p05": 0.06799296712442779,
      "permutation_p95": 0.06984579692051603,
      "permutation_replicates": 100,
      "permutation_sd": 0.0006063829151093045,
      "random_baseline": 0.06893701245779486,
      "random_baseline_sd": 0.00014618694868225574,
      "subtype": "H3N2"
    },
    {
      "classes": 39,
      "delta_vs_random": 0.7635275496707296,
      "enrichment_vs_random": 12.07532645785813,
      "k": 10,
      "label": "clade",
      "largest_class_fraction": 0.12314754752756848,
      "mean_precision": 0.8324670570140091,
      "mean_valid_neighbors": 9.926164445110079,
      "median_precision": 1.0,
      "n_labeled": 40082,
      "permutation_mean": 0.068941480586044,
      "permutation_p05": 0.06828248258849577,
      "permutation_p95": 0.06971586847925398,
      "permutation_replicates": 100,
      "permutation_sd": 0.0004559272805602413,
      "random_baseline": 0.06893950734327961,
      "random_baseline_sd": 0.0003885165043888268,
      "subtype": "H3N2"
    },
    {
      "classes": 39,
      "delta_vs_random": 0.7238751084543005,
      "enrichment_vs_random": 11.514164301087233,
      "k": 20,
      "label": "clade",
      "largest_class_fraction": 0.12314754752756848,
      "mean_precision": 0.7927227208488915,
      "mean_valid_neighbors": 19.81231905760208,
      "median_precision": 0.95,
      "n_labeled": 40082,
      "permutation_mean": 0.06887996910501712,
      "permutation_p05": 0.06832653970483632,
      "permutation_p95": 0.06948789259575315,
      "permutation_replicates": 100,
      "permutation_sd": 0.0003525766424285371,
      "random_baseline": 0.06884761239459108,
      "random_baseline_sd": 0.00011936404085529907,
      "subtype": "H3N2"
    },
    {
      "classes": 5,
      "delta_vs_random": 0.48179497109033154,
      "enrichment_vs_random": 1.9796666340024385,
      "k": 5,
      "label": "major_clade",
      "largest_class_fraction": 0.5363425157650182,
      "mean_precision": 0.9735897861509946,
      "mean_valid_neighbors": 4.967106537195341,
      "median_precision": 1.0,
      "n_labeled": 36156,
      "permutation_mean": 0.491104291734676,
      "permutation_p05": 0.48877467931870794,
      "permutation_p95": 0.4937940216338839,
      "permutation_replicates": 100,
      "permutation_sd": 0.0015106671091131335,
      "random_baseline": 0.491794815060663,
      "random_baseline_sd": 0.00023287470660292842,
      "subtype": "H1N1"
    },
    {
      "classes": 5,
      "delta_vs_random": 0.4750695838316151,
      "enrichment_vs_random": 1.967969336320985,
      "k": 10,
      "label": "major_clade",
      "largest_class_fraction": 0.5363425157650182,
      "mean_precision": 0.9658594942199324,
      "mean_valid_neighbors": 9.925517203230445,
      "median_precision": 1.0,
      "n_labeled": 36156,
      "permutation_mean": 0.49103851695562617,
      "permutation_p05": 0.4893657088024206,
      "permutation_p95": 0.49317243553947004,
      "permutation_replicates": 100,
      "permutation_sd": 0.0011698720810205958,
      "random_baseline": 0.4907899103883173,
      "random_baseline_sd": 0.0004820182341292232,
      "subtype": "H1N1"
    },
    {
      "classes": 5,
      "delta_vs_random": 0.4649741991490666,
      "enrichment_vs_random": 1.9471221250709092,
      "k": 20,
      "label": "major_clade",
      "largest_class_fraction": 0.5363425157650182,
      "mean_precision": 0.9559079307565453,
      "mean_valid_neighbors": 19.840026551609693,
      "median_precision": 1.0,
      "n_labeled": 36156,
      "permutation_mean": 0.49096065700946667,
      "permutation_p05": 0.4896987882822127,
      "permutation_p95": 0.49252471429660594,
      "permutation_replicates": 100,
      "permutation_sd": 0.0008833359601890143,
      "random_baseline": 0.4909337316074787,
      "random_baseline_sd": 0.0005052721716336079,
      "subtype": "H1N1"
    },
    {
      "classes": 16,
      "delta_vs_random": 0.7231348260410726,
      "enrichment_vs_random": 4.978426012158216,
      "k": 5,
      "label": "major_clade",
      "largest_class_fraction": 0.35761688538496084,
      "mean_precision": 0.9048988764044943,
      "mean_valid_neighbors": 4.970761548064919,
      "median_precision": 1.0,
      "n_labeled": 40082,
      "permutation_mean": 0.18156671244277983,
      "permutation_p05": 0.17984885559717018,
      "permutation_p95": 0.18331077819392425,
      "permutation_replicates": 100,
      "permutation_sd": 0.0010803437065797237,
      "random_baseline": 0.18176405036342166,
      "random_baseline_sd": 0.0007769048295739882,
      "subtype": "H3N2"
    },
    {
      "classes": 16,
      "delta_vs_random": 0.7040023594447518,
      "enrichment_vs_random": 4.881957899279294,
      "k": 10,
      "label": "major_clade",
      "largest_class_fraction": 0.35761688538496084,
      "mean_precision": 0.8853547537031886,
      "mean_valid_neighbors": 9.926164445110079,
      "median_precision": 1.0,
      "n_labeled": 40082,